{
  "other": 0.41379310344827586,
  "other:std": 0.49251230541674834,
  "score:std": 0.4786551135979198,
  "stem": 0.2833333333333333,
  "stem:std": 0.45061686115319244,
  "humanities": 0.3291139240506329,
  "humanities:std": 0.46989142261444533,
  "social_sciences": 0.4067796610169492,
  "social_sciences:std": 0.49123311004031994,
  "score": 0.35546875
}