{
  "other": 0.7931034482758621,
  "other:std": 0.40508069394726653,
  "score:std": 0.49655490377292366,
  "stem": 0.45,
  "stem:std": 0.49749371855331004,
  "humanities": 0.43037974683544306,
  "humanities:std": 0.49512929659766947,
  "social_sciences": 0.6101694915254238,
  "social_sciences:std": 0.4877116803368868,
  "score": 0.55859375
}