{
  "model": "Qwen/Qwen3-4B",
  "delimiter": 151643,
  "labels": [
    9834,
    902
  ],
  "query_ids": [
    1957,
    1437,
    25975,
    25
  ],
  "item_ids": [
    [
      358,
      2948,
      419,
      1985,
      13
    ],
    [
      1096,
      374,
      17478,
      323,
      38123,
      13
    ],
    [
      1084,
      4278,
      438,
      3601,
      13
    ],
    [
      56938,
      4271,
      323,
      4937,
      9691,
      13
    ],
    [
      2806,
      5802,
      279,
      3349,
      13
    ]
  ],
  "jax_multi_scores": [
    [
      0.11279540628289321,
      0.8872045937171068
    ],
    [
      0.009708476481474066,
      0.9902915235185259
    ],
    [
      0.011687257995694434,
      0.9883127420043056
    ],
    [
      0.039638839100970026,
      0.96036116089903
    ],
    [
      0.033085978388704126,
      0.9669140216112958
    ]
  ],
  "jax_serial_scores": [
    [
      0.0953494648991095,
      0.9046505351008906
    ],
    [
      0.00433150202056399,
      0.9956684979794361
    ],
    [
      0.0038244836446372104,
      0.9961755163553627
    ],
    [
      0.05665242530797383,
      0.9433475746920261
    ],
    [
      0.037326887344129464,
      0.9626731126558706
    ]
  ],
  "torch_serial_reference_scores": [
    [
      0.09010773152112961,
      0.9098922610282898
    ],
    [
      0.004806195385754108,
      0.9951937794685364
    ],
    [
      0.0037289466708898544,
      0.996271014213562
    ],
    [
      0.05761323869228363,
      0.9423868060112
    ],
    [
      0.037569619715213776,
      0.9624304175376892
    ]
  ],
  "torch_multi_semantic_reference_scores": [
    [
      0.10872061550617218,
      0.8912794589996338
    ],
    [
      0.010058265179395676,
      0.9899417757987976
    ],
    [
      0.011411188170313835,
      0.988588809967041
    ],
    [
      0.03986411541700363,
      0.960135817527771
    ],
    [
      0.03181106224656105,
      0.9681889414787292
    ]
  ],
  "abs_diff_jax_multi_vs_torch_serial": [
    0.0226876747617636,
    0.004902281095719958,
    0.00795831132480458,
    0.017974399591313604,
    0.004483641326509649
  ],
  "abs_diff_jax_multi_vs_torch_multi_semantic": [
    0.004074865282526985,
    0.0003497886979216096,
    0.00027606982538059925,
    0.0002253433712590125,
    0.0012749198674334439
  ],
  "abs_diff_jax_serial_vs_torch_serial": [
    0.005241733377979896,
    0.00047471851089975203,
    9.553697374735598e-05,
    0.0009608133843097971,
    0.00024273237108431156
  ],
  "max_abs_diff_jax_multi_vs_torch_serial": 0.0226876747617636,
  "max_abs_diff_jax_multi_vs_torch_multi_semantic": 0.004074865282526985,
  "max_abs_diff_jax_serial_vs_torch_serial": 0.005241733377979896
}