{
  "model": "Qwen/Qwen3-0.6B",
  "delimiter": 151643,
  "labels": [
    9834,
    902
  ],
  "query_ids": [
    1957,
    1437,
    25975,
    25
  ],
  "item_ids": [
    [
      358,
      2948,
      419,
      1985,
      13
    ],
    [
      1096,
      374,
      17478,
      323,
      38123,
      13
    ],
    [
      1084,
      4278,
      438,
      3601,
      13
    ],
    [
      56938,
      4271,
      323,
      4937,
      9691,
      13
    ],
    [
      2806,
      5802,
      279,
      3349,
      13
    ]
  ],
  "jax_multi_scores": [
    [
      0.7772998611746911,
      0.22270013882530884
    ],
    [
      0.6926419831347361,
      0.30735801686526387
    ],
    [
      0.14033624949008322,
      0.8596637505099167
    ],
    [
      0.5156199157230156,
      0.48438008427698437
    ],
    [
      0.665410558746814,
      0.33458944125318596
    ]
  ],
  "jax_serial_scores": [
    [
      0.7772998611746911,
      0.22270013882530884
    ],
    [
      0.7057850278370112,
      0.29421497216298875
    ],
    [
      0.3923368301671084,
      0.6076631698328917
    ],
    [
      0.7185943925708561,
      0.28140560742914383
    ],
    [
      0.9099070060380482,
      0.09009299396195182
    ]
  ],
  "torch_serial_reference_scores": [
    [
      0.7806776762008667,
      0.2193223237991333
    ],
    [
      0.7041275501251221,
      0.29587244987487793
    ],
    [
      0.3928687572479248,
      0.6071312427520752
    ],
    [
      0.7529983520507812,
      0.24700169265270233
    ],
    [
      0.9117482304573059,
      0.08825179934501648
    ]
  ],
  "abs_diff_jax_multi_vs_torch": [
    0.0033778150261756235,
    0.011485566990385943,
    0.2525325077578416,
    0.23737843632776567,
    0.24633767171049192
  ],
  "abs_diff_jax_serial_vs_torch": [
    0.0033778150261756235,
    0.001657477711889177,
    0.0005319270808163967,
    0.03440395947992514,
    0.0018412244192577143
  ],
  "max_abs_diff_jax_multi_vs_torch": 0.2525325077578416,
  "max_abs_diff_jax_serial_vs_torch": 0.03440395947992514
}