{
  "model": "Qwen/Qwen3-0.6B",
  "delimiter": 151643,
  "labels": [
    9834,
    902
  ],
  "query_ids": [
    1957,
    1437,
    25975,
    25
  ],
  "item_ids": [
    [
      358,
      2948,
      419,
      1985,
      13
    ],
    [
      1096,
      374,
      17478,
      323,
      38123,
      13
    ],
    [
      1084,
      4278,
      438,
      3601,
      13
    ],
    [
      56938,
      4271,
      323,
      4937,
      9691,
      13
    ],
    [
      2806,
      5802,
      279,
      3349,
      13
    ]
  ],
  "jax_multi_scores": [
    [
      0.7772998611746911,
      0.22270013882530884
    ],
    [
      0.6926419831347361,
      0.30735801686526387
    ],
    [
      0.3923368301671084,
      0.6076631698328917
    ],
    [
      0.7549149868676283,
      0.24508501313237172
    ],
    [
      0.9149009549929797,
      0.08509904500702024
    ]
  ],
  "jax_serial_scores": [
    [
      0.8438951025545426,
      0.1561048974454574
    ],
    [
      0.7772998611746911,
      0.22270013882530884
    ],
    [
      0.7310585786300049,
      0.2689414213699951
    ],
    [
      0.7057850278370112,
      0.29421497216298875
    ],
    [
      0.8596637505099167,
      0.14033624949008322
    ]
  ],
  "torch_serial_reference_scores": [
    [
      0.8478031754493713,
      0.15219680964946747
    ],
    [
      0.7786903381347656,
      0.22130969166755676
    ],
    [
      0.7325083613395691,
      0.2674916982650757
    ],
    [
      0.7098763585090637,
      0.29012367129325867
    ],
    [
      0.8621063828468323,
      0.13789361715316772
    ]
  ],
  "torch_multi_semantic_reference_scores": [
    [
      0.7806776762008667,
      0.2193223237991333
    ],
    [
      0.7041279673576355,
      0.2958720326423645
    ],
    [
      0.3928687572479248,
      0.6071312427520752
    ],
    [
      0.7529956698417664,
      0.24700433015823364
    ],
    [
      0.9117482304573059,
      0.08825179934501648
    ]
  ],
  "abs_diff_jax_multi_vs_torch_serial": [
    0.07050332917584137,
    0.0860483550000295,
    0.3401715311724607,
    0.04503865816088695,
    0.05279457214614748
  ],
  "abs_diff_jax_multi_vs_torch_multi_semantic": [
    0.0033778150261756235,
    0.01148598422289937,
    0.0005319270808165077,
    0.0019193170258619274,
    0.003152754337996236
  ],
  "abs_diff_jax_serial_vs_torch_serial": [
    0.003908087795989945,
    0.0013904769600745492,
    0.0014497827095641957,
    0.004091330672052473,
    0.002442632336915551
  ],
  "max_abs_diff_jax_multi_vs_torch_serial": 0.3401715311724607,
  "max_abs_diff_jax_multi_vs_torch_multi_semantic": 0.01148598422289937,
  "max_abs_diff_jax_serial_vs_torch_serial": 0.004091330672052473
}