{
  "model": "Qwen/Qwen3-1.7B",
  "delimiter": 151643,
  "labels": [
    9834,
    902
  ],
  "query_ids": [
    1957,
    1437,
    25975,
    25
  ],
  "item_ids": [
    [
      358,
      2948,
      419,
      1985,
      13
    ],
    [
      1096,
      374,
      17478,
      323,
      38123,
      13
    ],
    [
      1084,
      4278,
      438,
      3601,
      13
    ],
    [
      56938,
      4271,
      323,
      4937,
      9691,
      13
    ],
    [
      2806,
      5802,
      279,
      3349,
      13
    ]
  ],
  "jax_multi_scores": [
    [
      0.7549149868676283,
      0.24508501313237172
    ],
    [
      0.037326887344129464,
      0.9626731126558706
    ],
    [
      0.4073334000459302,
      0.5926665999540697
    ],
    [
      0.22270013882530884,
      0.7772998611746911
    ],
    [
      0.23370635691404026,
      0.7662936430859597
    ]
  ],
  "jax_serial_scores": [
    [
      0.8267117940706734,
      0.17328820592932656
    ],
    [
      0.07585818002124356,
      0.9241418199787566
    ],
    [
      0.5312093733737563,
      0.46879062662624377
    ],
    [
      0.37754066879814546,
      0.6224593312018546
    ],
    [
      0.5621765008857981,
      0.4378234991142019
    ]
  ],
  "torch_serial_reference_scores": [
    [
      0.8212335705757141,
      0.1787663698196411
    ],
    [
      0.0854758769273758,
      0.9145241379737854
    ],
    [
      0.5270419716835022,
      0.4729580581188202
    ],
    [
      0.37631550431251526,
      0.6236844062805176
    ],
    [
      0.5739405155181885,
      0.42605942487716675
    ]
  ],
  "torch_multi_semantic_reference_scores": [
    [
      0.7559792995452881,
      0.24402064085006714
    ],
    [
      0.03778035566210747,
      0.9622196555137634
    ],
    [
      0.41237780451774597,
      0.5876221060752869
    ],
    [
      0.22009681165218353,
      0.7799032330513
    ],
    [
      0.22991254925727844,
      0.7700874209403992
    ]
  ],
  "abs_diff_jax_multi_vs_torch_serial": [
    0.0663186433127306,
    0.04814898958324633,
    0.11970857163757198,
    0.1536154548941735,
    0.34023421820879296
  ],
  "abs_diff_jax_multi_vs_torch_multi_semantic": [
    0.0010643722823045765,
    0.0004534683179780036,
    0.0050444938787828075,
    0.002603371876608973,
    0.0037938076567618217
  ],
  "abs_diff_jax_serial_vs_torch_serial": [
    0.0054782234949593,
    0.009617696906132234,
    0.004167431492576423,
    0.0012251644856302035,
    0.011764074237035127
  ],
  "max_abs_diff_jax_multi_vs_torch_serial": 0.34023421820879296,
  "max_abs_diff_jax_multi_vs_torch_multi_semantic": 0.0050444938787828075,
  "max_abs_diff_jax_serial_vs_torch_serial": 0.011764074237035127
}